timestamp_utc,puuid,tier,queue,old_lp,new_lp,lp_delta
2026-07-12T02:16:33,iSrjKPwiSGjYFZtK2j2Yj_QzWkEaUXQK_yO5OVK0etSsXK4JUR37bCUu8Ah3qehZmeb_wJeeKeLPyQ,challenger,RANKED_SOLO_5x5,2053,2081,28
2026-07-12T02:16:33,pe216pwt-AWU9G5Iy7Wo8okzi3UiULciX6bgeUXaUjC-nYclathQ84SDKAcFqCTh0MSBgumkQKW4rA,challenger,RANKED_SOLO_5x5,2031,2061,30
2026-07-12T02:16:33,oskunCfUDhDbecMUgB6Y9HQ7qtetpvz0weXtfGfFyIAvxKIh-OTPrXE5g9SJ6sWmaXJ43CBIcPSSFA,challenger,RANKED_SOLO_5x5,1956,1985,29
2026-07-12T02:16:33,32lB3Taz4z2MRfbMtDWEM4_hS9sFK5emUWV7JhUSayP0AJDxYCQyuhNcvf11vw791XESR2iRCTr4ew,challenger,RANKED_SOLO_5x5,1974,1941,-33
2026-07-12T02:16:33,XnTv4Y8CdgOdO0CsO9nqhOjeDAJTcuvGdjfYufFXWVpFZ3hL4HzsQBlQIPIK29kbHZAFUELw0aFtsw,challenger,RANKED_SOLO_5x5,1891,1920,29
2026-07-12T02:16:33,CBhBkgP80vktOwDZWIthXPwar1SGZvf42C30LxvB32WLP_PJx3a0eWcGRDnYOrS2HC3jwARYvp01SA,challenger,RANKED_SOLO_5x5,1832,1860,28
2026-07-12T02:16:33,ZYJk5UGOdPsWYkETxkw6dslh0xxpvQFr71kVCknl3sGxtOwRjD55649QchYlDN0146MraRGiOxr2Ag,challenger,RANKED_SOLO_5x5,1810,1778,-32
2026-07-12T02:16:33,TCre1HK422B3IeWT2nOOFtWfUSKrnci5qxzRPddjXWEmzC1EWe_Vb_aIhiWpbtts3shz6lqD7EjU7A,challenger,RANKED_SOLO_5x5,1787,1760,-27
2026-07-12T02:16:33,lbDXfzkbHzjtwc7I7CkNudKShWx8i0QZ5jsSFxprHEkXA-CFFjB-9__UL_BVXnbczOBcHD6HG5KBMg,challenger,RANKED_SOLO_5x5,1687,1653,-34
2026-07-12T02:16:33,zYR4WzjcYowo3cqMPout24NFrlIBK_37d6pGPBzxaOBDgd-aiFj5benA7BOvQ_fjkTvwMusWO1xSWg,gm,RANKED_SOLO_5x5,1665,1693,28
2026-07-12T02:16:33,4SwKgdnrnArWUEqpIXI_df9-8HuXMM3Sw5PrZbpXQeALtHxMI5z9gXl5GNhnoZfcOEPMI9BP2Aw7ag,gm,RANKED_SOLO_5x5,1543,1510,-33
2026-07-12T02:16:33,eXaeC9OZUrp0o7NbC2hG0Vawml58lhoqdTveR-0G_zw5mfccLllKRACRq2vmCpL4u_Wc1exqFo8WKA,gm,RANKED_SOLO_5x5,1372,1342,-30
2026-07-12T02:16:33,_HOJ3yklSO-fK31Eb0N4PKc-eDfRlhAtIEXBs05jYOaP9BO9KXgNDaC_7Ts_NJpRlrJtZV4FZH4AmA,gm,RANKED_SOLO_5x5,1250,1218,-32
2026-07-12T02:16:33,_Hqvp4YPQbYKNFtBHhrxm9cvjofSNh4BdHf3eRnPyy2R1LW35qCyQqSGmN90PHHEl0Og2k5PlESjuQ,gm,RANKED_SOLO_5x5,1150,1118,-32
2026-07-12T02:16:33,dPRTiEBkSv2_DztyWHN0SEP0eCmHJK5xYJPMedL2G8-J9HuvtJHWg2aBfnCnb-mEntZP_MfeuSEX0w,gm,RANKED_SOLO_5x5,1147,1115,-32
2026-07-12T02:16:33,ezInnT4UybantXJ1r0nBbANlSx_kFc7bboPVi-0D6HSO9JaKQC0kiqO_ocOQY1Ca-tTp_51OwbOfTA,master,RANKED_SOLO_5x5,1124,1152,28
2026-07-12T02:16:33,s44hF2h03JLjM_06UjUzRnZwiNacDNG7_EDMh9Gz7jZ4_DKr-dI9fvnK_xC8dqd5JP8iHxEzLuz7oA,master,RANKED_SOLO_5x5,1109,1137,28
2026-07-12T02:16:33,EX1I3zLTPUEucdUgfv1XbdZXjNOWsU7ov_3v0AoSCoBTKbrDpTaaOfZXQxA_rVEvM5GRIpjnnt9hKQ,master,RANKED_SOLO_5x5,1104,1074,-30
2026-07-12T02:16:33,XThsPaE0XssZMeeOrz_Xu84T9jvv12fl9_vBQWqqa_bDzeyts-18558VqQyK0YkYVUT_o5FLvZIyaQ,master,RANKED_SOLO_5x5,1103,1070,-33
2026-07-12T02:16:33,W5u2M9a0_N4SkSgK9ia5SWKikJ7EjguzitNn-E3SV4lxI_mdg_CE9KpjUwWWvZpNm38hhtL84Qph-Q,master,RANKED_SOLO_5x5,1080,1049,-31
2026-07-12T02:16:33,91LUn-u2UtWtmB8zeK4IrLjTXMX2K2AtGtrwunU95Dv9WHLt210lQEnrFInJpcd4ULf8c4iGarDAxQ,master,RANKED_SOLO_5x5,1058,1027,-31
2026-07-12T02:16:33,ZDRIHKxh69rGw58iFnbSJ-5kwgnCmIM5_0n7HChrcaoOgV0qeRwSRK4xtRYuT4thM0wBVR479lZqNQ,master,RANKED_SOLO_5x5,990,1021,31
2026-07-12T02:16:33,0lY3BEdeFY9RgXj9tjGwUMye6YOrCLXqyRSNF7yq1SpkEtiwna9It4MzSCogY6oXEEAg6cF8JBTU1A,master,RANKED_SOLO_5x5,1017,985,-32
2026-07-12T02:16:33,_qs5F1MgP15xRYOL8EXKQgATFOOLdysPhvTBE6E41REyzw1Bp_pHVsOqRGJ0u0kIve7Kg3X56ynXgA,master,RANKED_SOLO_5x5,955,984,29
2026-07-12T02:16:33,eM3dWJ2HNrE6i9ewUSNNdD6qn4CtfDTTYlki3hWaEd7WeHWEZ9BQ0oJO3_HMNHL7gehNuR33A3k50A,master,RANKED_SOLO_5x5,996,967,-29
2026-07-12T02:16:33,1iwJ9JaQNLKNK8oLubb9-1i_l7jMh2i5J-20s1_GqitAtcVEcHHJBefmKvU-MwKWhzCj9enMnNjzzQ,master,RANKED_SOLO_5x5,983,951,-32
2026-07-12T02:16:33,j8kww9dyjmgUAG_xJYvJlsIaUA6guF8eBaAOwfBquWiB32oTc2ZwHc3STsL1Czvbmuj_e39Jszyg_w,master,RANKED_SOLO_5x5,887,915,28
2026-07-12T02:16:33,Mu-WO1HJ9U13lFcPiFpicZ-Q5jk7YEjYKIO7wCog0q53X6MjhTb3f7xRz9ujVH-YKZHP71ssV3fYzQ,master,RANKED_SOLO_5x5,884,913,29
2026-07-12T02:16:33,bozdaqE3lKy-ZmjV6Vbg0Nkw1xARt-sEtET4NzJF2Z20g-ZotR8VQV2hCvn-gkZW_PsXt895-CYhDg,master,RANKED_SOLO_5x5,853,883,30
2026-07-12T02:16:33,p6RmX-IWQ8Eky-xdFypfVTkwpdhNcP_kaFN2aZ8CkMW_VTljQDxaldBZYn1yfKJqi7qG87VFOBgePA,master,RANKED_SOLO_5x5,853,881,28
2026-07-12T02:16:33,_UuXRtabFeKm_gTYYbSuw5CLOL_MMHuYIz654Zzqp__soisNrAhwp8DtK_iwcn08caKMPvCVSJyFVQ,master,RANKED_SOLO_5x5,811,869,58
2026-07-12T02:16:33,UrWkNCsnHYY3o48XvEww69LNnG2cPRcvfiSbzVkyX_GoBIFlWVnkpKwiHjHlLLWEufkiLLjAPlzZEA,master,RANKED_SOLO_5x5,799,826,27
2026-07-12T02:16:33,aCuJGGkqL_0kX15YbdyjwzO8FkHaleHn0-LBruN95KvJwfrEIAN9kmH1lzw9ycqzxaAC9UbbZ0P_iQ,master,RANKED_SOLO_5x5,795,824,29
2026-07-12T02:16:33,U2G5QnoF9W29z416lXh6t6UsnewBrFOWpQWWzs71PnQCqWlbudhvL3ux0_ErdJiKDLKTP-MUqjg8aw,master,RANKED_SOLO_5x5,840,808,-32
2026-07-12T02:16:33,iDaIF4qYoaozqTNbcJoXYLRsKWwqDILo0LcHfKtu34u77SEgY1GsXJBY5bpVLH0vPBTs2ONxti7GYQ,master,RANKED_SOLO_5x5,807,774,-33
2026-07-12T02:16:33,_9tX7NRJyd2j_x2jGyS3lWfY2uMW7lLcSNOvQFykGi2OUfzYdV9iO75tbjtEb-Ot0YGNEMlyn2vPOA,master,RANKED_SOLO_5x5,796,765,-31
2026-07-12T02:16:33,NHFFdEeN6zDVo7R-DBH_gKJ6btCV41KX8A7wg6ZUTC52AmvDOHVsHOgiF2SogLRF9dMb9eqWXVocBQ,master,RANKED_SOLO_5x5,793,762,-31
2026-07-12T02:16:33,DiId0Htm8SFRtGs0uOynWAraoebKv5oFPV1H29Oa0P1NXdvaxgOY8I0PALdC8JLFDDsfRP66LJXyTA,master,RANKED_SOLO_5x5,723,753,30
2026-07-12T02:16:33,NshPEnYoXWYjNumDEIGVIMDbVKKKbAnVvuFbyjPCgRe3qrP2lJPacNvqyVwyKQ05q7d1APxho45eYQ,master,RANKED_SOLO_5x5,781,750,-31
2026-07-12T02:16:33,BLAKJNh_8uCJnwCwKLzyhz0eO-oM2aKOBf59T9qVHcqRMqNYFcpQsEOwhUCEx3ehpmZlP3C5rOkBXw,master,RANKED_SOLO_5x5,717,748,31
2026-07-12T02:16:33,5sF2SbscaIEbzOZNIm4PV0j3056mSojpdaYVgrpzAdmov2Q4ZRaJDGqhh7DtKZAc6-PxfRuB7w95Xw,master,RANKED_SOLO_5x5,705,735,30
2026-07-12T02:16:33,53a7w27kZ9iiDv7npFG9jYQe8CDLJVcICYvovkU8AeI4JLZqXUI5ltewmmJfdDFA2aszXoTi7_4hTQ,master,RANKED_SOLO_5x5,697,728,31
2026-07-12T02:16:33,jY7nRaxQXzI9ubg2ON_M4OLTDdBi1lBJuOFdMhYPaSmcVT70pGvbyLC5VCfVA9PU-s5FnR3wUgypxA,master,RANKED_SOLO_5x5,691,718,27
2026-07-12T02:16:33,DgRH9R4tEjDYQH9kKqHY55CqYSabadBLvlfnR2Rw-Aw9BfAtyUPo8h5HAsSd_tMX23eL2NR8eFQZJw,master,RANKED_SOLO_5x5,683,710,27
2026-07-12T02:16:33,M_MQz7zTnG4oU7p2resnI72aOaM9Vqm8rmZexH-5T7ROot2xvXfo1w7bE1oy5gzOu5NDfaPXG2Un6w,master,RANKED_SOLO_5x5,735,708,-27
2026-07-12T02:16:33,qoDp6-3lHCpyYF1p8fOBjh9AqYak94uq6hujV6-BdHodOmAMRHTcCd8qWQZoEgl2S-xG8tH6J5A1rQ,master,RANKED_SOLO_5x5,733,704,-29
2026-07-12T02:16:33,hG88e7q0dgtbnrKSqKhZN_bfBvZgVkokjhUS_Y2NU7JTCp5nXh5lIsR-oCGyaZThvpNyGx9aRrpEcA,master,RANKED_SOLO_5x5,673,703,30
2026-07-12T02:16:33,D5gDodWPvLNnSt4k-xnUSrsHPv3_p2eF-sd9xey4wuZFaxbZud-MU61neAGb6As8FQG8DTnsCvii3A,master,RANKED_SOLO_5x5,715,686,-29
2026-07-12T02:16:33,ikon_R-pnXHN5g61jIGqlFm0jMwju6Iq6DSv_BUDZcS7Bm7tTfEAvOLsDAeKRzwRvyElv0lZSm_BaQ,master,RANKED_SOLO_5x5,701,670,-31
2026-07-12T02:16:33,QJniUngJltsAJbStivuEFs3KLX2nVCEtF8pdXWN2CsYJknye6Zburm4FeQsX04hoyt6RqkTXpeEHDw,master,RANKED_SOLO_5x5,626,656,30
2026-07-12T02:16:33,zF9KELtwCWst7N1FTh9_x4iI3HURLvS-EmCafP--DTTvVLLKF6-znMoTuinA850FzXMwsgADXLuZhQ,master,RANKED_SOLO_5x5,684,654,-30
2026-07-12T02:16:33,WdJGgcVPhqJpk2ngqCKDugTJu0lY4gwgcsjMsnd0UtR-KdFjPX7t5YQTVoKYSoljt8WpothO9GPdQg,master,RANKED_SOLO_5x5,684,652,-32
2026-07-12T02:16:33,zXTI2kzRoV4RuMbDk46KivMfGSeWzSYXd0lqDXuSb5M8x1pgUNOBTSPKFfwmVyTr8E9yantDfbjrrg,master,RANKED_SOLO_5x5,590,652,62
2026-07-12T02:16:33,QNt4gMskrcN1G-lVA2Tt6QdsEGYuJ4Vb9lmkvFRpYDBBrdIXiwvsHbrD5SPD70qje_t8Fpgetz7cHw,master,RANKED_SOLO_5x5,546,577,31
2026-07-12T02:16:33,nn_0aZPMmIbHZAfoMKJEwoQwAW3gVLrgqPRpNjaH3nOnmXL3EBe1ZG7S07CGtA5b6faXlGZOR37AXA,master,RANKED_SOLO_5x5,546,576,30
2026-07-12T02:16:33,5UeK_dWL6k9D8ooavchM7Ait-WMmrvIsNrHrzPsKJWzd2xjQI6i3_oNQ75vNibcd_1vP9OfNLbr_uQ,master,RANKED_SOLO_5x5,603,572,-31
2026-07-12T02:16:33,qLPuy49bmUrDCK2HaI-Er-38G6bYxeWXWjHF_I5wfhkENz4OG-Oilt7R_9qM1CaXfZFKWzNKs1ecxg,master,RANKED_SOLO_5x5,589,557,-32
2026-07-12T02:16:33,zBX-eQg6_RgIUb2urZ5hL09dnHWACuIvl4HGuHPjv55AbqOxdlfCNdtqPdQFeuClFDM1JUvYszPMaw,master,RANKED_SOLO_5x5,584,554,-30
2026-07-12T02:16:33,rj5ZthbwinlXX-YTlK2L2egMWCaT3wtNXyBwIGgweygA68v4uD3_6V_Qi_pHRXt21LJuWLC8-D4zKA,master,RANKED_SOLO_5x5,514,547,33
2026-07-12T02:16:33,bKFOoEWjrvTYfCaIRvvABnVJboFTvmy_PCvEQo2TOFprZD5EKcBlJOAeummjdU5WLoqnqIV0yEejgw,master,RANKED_SOLO_5x5,468,530,62
2026-07-12T02:16:33,J7lPk4w6b1RoEd_5PWOBkEKZ17mCySoBxOx4c9sCmV9CjglUSWcVZ961OkeKD3PAn48RaBcIT2Xi5w,master,RANKED_SOLO_5x5,500,529,29
2026-07-12T02:16:33,wilcuHJVGSvd9KX4ca9hj-nE5HU4ZXiFp3v_gFl_VwvMXrp7DwEVdpi-4TjkWq8JTBR5N-I8fTsM2Q,master,RANKED_SOLO_5x5,487,517,30
2026-07-12T02:16:33,y7viDvXWLVWRlVvXjE2W4aow-DYjgroMSJD4QjnFp79XdCFs0G27CAW8qbq2B-vJsSKnmVRg4glf3Q,master,RANKED_SOLO_5x5,541,511,-30
2026-07-12T02:16:33,3ZIu56LIi-qBxSzOBV9Oq0T2TuzwX2SS1FZq0jNn6Rb-ZOeBKT4qvNC1XFsUfPOC6yrxat3gT5rCSw,master,RANKED_SOLO_5x5,532,503,-29
2026-07-12T02:16:33,dUfRNbC9R55KUMirY4oUp_s_gUB9Z3bJ-u7yNhnTwinhpWraqexsrTM0t60Ws3PseqAB5tZPerMNMQ,master,RANKED_SOLO_5x5,465,495,30
2026-07-12T02:16:33,AXEa1oIPg5jI2FaRbVBqYdErS_pUNmlRZAbchRmYSFlzG6GtekIUFdI8p2EZ6yxoyL3vkfBNIp_7ow,master,RANKED_SOLO_5x5,518,487,-31
2026-07-12T02:16:33,BHlwauKBLRwBi63oZq2bbnHD2J2aei7k5Mrfqps8JIJH23B8day8zurOwRpol3GHL5IoyxHkXmuprw,master,RANKED_SOLO_5x5,519,487,-32
2026-07-12T02:16:33,F3sUjJppzM00ygVeQGs8bgY2vcr1RTEW3n113HKxwTAUkKaBsoO9EoDmDv7dklnN0t5HxzcK3Mcy2A,master,RANKED_SOLO_5x5,452,482,30
2026-07-12T02:16:33,sQdlfyWzfdFwpGYEIZQcMYJdCa54oddqMWS8MoRaviEPC8ApSpw8n8UsyZruSQE7TBThZk7KHcCaNw,master,RANKED_SOLO_5x5,443,472,29
2026-07-12T02:16:33,Rx7WGTR9c45UNr-f66WxpRgR9ogleJaNBA4CVUOFUdrbOdcLT6q2kjfu_k_TDJyZJIiRO-hfnkT4BA,master,RANKED_SOLO_5x5,479,449,-30
2026-07-12T02:16:33,afGxWl5YWC2i_FwL6pd01EVSnVmlGoOFQ2eiWR6b1Wmwi06XzbZ4nv44XFwcqB5FXFAV3LaaIeKYEg,master,RANKED_SOLO_5x5,469,438,-31
2026-07-12T02:16:33,AT2Mlq8jtJyrM16E_LG_g-dMuMVcCEujaIP3HmS9p4818oSNTUoB4POnIRmZVR7M8R5CqFDUM34d6A,master,RANKED_SOLO_5x5,387,415,28
2026-07-12T02:16:33,JIF36_V2J4G3AseEFah8GICKoii5ev_6uNs1fJ-8_QUupMbGy7icJOn21uIWZ25ZUWsZ02g3DDal0Q,master,RANKED_SOLO_5x5,374,403,29
2026-07-12T02:16:33,Hmu-g7y56UXU3eOKyaBShaQYl2Ko8JzsylYBqcYa-V7ac0mmCA_OS1aWRhfqdofmbDpbi1E7beP1BQ,master,RANKED_SOLO_5x5,428,398,-30
2026-07-12T02:16:33,DzbOstep7phWnvC8S3Yyk0hNsyEPgrAIla2yX9Rzk5PYrOCtlJIdV5ijiuVCYNCKLkP3i8pZ__qfyA,master,RANKED_SOLO_5x5,425,396,-29
2026-07-12T02:16:33,eN7v2B9pm7wFoOrO-Z5eBceAVDp2cD1nEGHeMw53V8iXt1jazZr_l-Y2cxE-6Qx5cx1hQPCuVsC7Pg,master,RANKED_SOLO_5x5,366,395,29
2026-07-12T02:16:33,SazW6Pzu11WSB2sUrgXYRwmQOcmVBWfvCUUcqnlm-Cu2bDHZKRp9VgzAWatUpq_59L78huLJkc2n4g,master,RANKED_SOLO_5x5,334,365,31
2026-07-12T02:16:33,LlWbKcGY93RKTJv27QWcGP87uVsR6n4jQCw6BTbvSlZdCyllPlCietxP8Y95rAMx6AVZnIigJiBFwg,master,RANKED_SOLO_5x5,289,351,62
2026-07-12T02:16:33,g1nhtnwU39B-3E7CATs5--q6v82J3_4ap-RpUZm2ADCUxj0r5B0Aix0fWD92zfyqbnrjBfsxmu9V1A,master,RANKED_SOLO_5x5,313,343,30
2026-07-12T02:16:33,uAlBdic5hnTxvwHDVTCmSBy7a6InE3UCoxE3Cou_TegwDvaGTmZuT4kvlfZUyz-NEtUHEi9gjbzsGw,master,RANKED_SOLO_5x5,367,337,-30
2026-07-12T02:16:33,1rje1zEBm0lf1M26jYLpvhB2s6QHFl2wPZEfkUuQ-yZMj_h51XSFcbzcLJDtNec8jLGpcl6zenHg4A,master,RANKED_SOLO_5x5,367,335,-32
2026-07-12T02:16:33,WgAvG9LjESJxPkt3zn5GUgTq3pzxBIXhGcv_S1aDlkPeI_EMTSF_DD9BNi1XYBJZk1XBOTvjR5UAwQ,master,RANKED_SOLO_5x5,297,327,30
2026-07-12T02:16:33,ZbBPfKhxkwdOrHVROV_toAVC2hOnaX_eR0Pa1xG-P2A0J3zL85ldPByXq4vUnT9Bj2q_1ukyPLejdg,master,RANKED_SOLO_5x5,358,327,-31
2026-07-12T02:16:33,IlrHUEkpqrq2X87oLQy3QybYYfvJSPHpP8nUTxDqF0VpIzOSb0go2DGKN9BpMsk8EP9DysGde1P0uw,master,RANKED_SOLO_5x5,351,322,-29
2026-07-12T02:16:33,Dhh3O2K3LsrgMLHCgMocwoK2-DK_GL8ZIuUsc0_FePhdKy5uSJm6jvYleK9lxVIY4IiboYDe-ZiPjg,master,RANKED_SOLO_5x5,290,319,29
2026-07-12T02:16:33,E2Cvh76QulydmXTYBmDH3kpgVDYujOhHFOoYQqmfM2IQFmoxwrOMGL27XLV4_yK23fj0xrwHI26Gog,master,RANKED_SOLO_5x5,283,313,30
2026-07-12T02:16:33,M9QgIUvQVovt1Lp0i-C8AlGwJ-7_QiaVQjAreQXqX-m4_o4nnr0xRX3ohhIT3bw55pu6rhgHJ9wpLQ,master,RANKED_SOLO_5x5,225,285,60
2026-07-12T02:16:33,WDXCM15ASqnYW4omNqWwbwNM4MfLpTuBPdMi28vG7JGAz-eqjO1IGGEydo3yUGSegK8FMW9YHF5REg,master,RANKED_SOLO_5x5,242,272,30
2026-07-12T02:16:33,z_U7JOMHqOlxmMwT_G__AHtJIFRrgxstBSJkpyia-a-FnCRNcegq_TkgkjpAQwDIUTlLXqQKlePVLg,master,RANKED_SOLO_5x5,300,270,-30
2026-07-12T02:16:33,BFwYVMAaRen3CgZl_IQEuri9YnOmTdNGOPapIxEyaCvGHmtR2jI87HQbxxANqrMiZjf7HKkwRhDygg,master,RANKED_SOLO_5x5,288,257,-31
2026-07-12T02:16:33,lQk2rnWM03FNU_PQma32wT56hs-9AWLGtCbmxss2t9fkDTMG9EzFXexbYPTy2ofLUlYochyyH8fS3g,master,RANKED_SOLO_5x5,225,254,29
2026-07-12T02:16:33,SKILMFw1IMnO92PCZ5xgcsJTa_ctQvyYw6omAgBNagoKqLU0gPK3cI3hWlKpLCYXxZCIdXq3J6n9SA,master,RANKED_SOLO_5x5,208,237,29
2026-07-12T02:16:33,-usEEpF2ahBveuG6MBqwd0twM84Zd6mr-U0Lal0f_N0saQZ18Fvh2cZPfMyxonJ_igtp2vEQCB7GRw,master,RANKED_SOLO_5x5,199,229,30
2026-07-12T02:16:33,VKDjk7EWFelNS48NGqx47XGTxpNQImiyk7RLblE-UHPxLKcCIlkZXxf56bx2tJJifWrEoWmvkxT6bg,master,RANKED_SOLO_5x5,195,226,31
2026-07-12T02:16:33,cachKnBWIcOPZq3UqPTpu6NB8xjjaN9gPIh9QhuPjqUOIaBw57vgv3VA3_OlKeJeJjhxeKwM1zDjeA,master,RANKED_SOLO_5x5,180,210,30
2026-07-12T02:16:33,zrI5Vkl0wVSy9k9FCuliQWp2tAeMMJShQsCP-gxZeUaL8J292tEAO5R57qXhJgqE11rhETnwfn2sig,master,RANKED_SOLO_5x5,237,208,-29
2026-07-12T02:16:33,y_3A8j8jusqeUdb06XIsZrQVUBpsGgqsTN61KdD-Ou9Z46tn9ZLXCqiCuZmi1pZ-riKtrITFdhLz6w,master,RANKED_SOLO_5x5,173,204,31
2026-07-12T02:16:33,iHwTC-zMYePSxlf52p1iFI_ws3uTxvK7G0nLr-aFdNd2gM5OcrcfAoQr416KEHmioj15zy0ZW7Ynmw,master,RANKED_SOLO_5x5,174,204,30
2026-07-12T02:16:33,QzFdTP5_1SP6QO0v0lDacEQtqPnIBowRO_gG2j--a_S9p2Vvgya3xS-3wCQpEDXmWJFaWXnHXbAXHA,master,RANKED_SOLO_5x5,170,198,28
2026-07-12T02:16:33,Ygjz3fTL7O6Oelr2lh7yOPLTRCoy5firZ0K73yx_Isk4thJ4FXaQ1tHX9PWREPoYXtYNHtfqNLP3Qw,master,RANKED_SOLO_5x5,165,196,31
2026-07-12T02:16:33,GcuSdm2FBRGCZ9FziuM_W_-RSPA81QVBOc79Hp7CqkDHoD-e9vKQNMsEMXK8QWO8nFtJ0Krt2c7q0g,master,RANKED_SOLO_5x5,225,193,-32
2026-07-12T02:16:33,DPW_cwcQG8mwWQNQCg4Yliiwrnc8az0VCTn0HgciajHrJ5ql1WLcE8kYMk3-z67uenpIUxpOf-Dr5Q,master,RANKED_SOLO_5x5,214,185,-29
2026-07-12T02:16:33,fZ0W3Dvohgj1qKNW4z3RNPGRicjnN7591TcMv-wdIE1L3lRSDTqj38xOUxuqMZGEzF3zSaIHPgCEkg,master,RANKED_SOLO_5x5,154,184,30
2026-07-12T02:16:33,wxY0v50QBqpMEjKB_PJe6dnLBq2b6E62wRb1kcFvdKN7XExtXkqdQN7Lkhnsmmfn72rF45eEueBO_A,master,RANKED_SOLO_5x5,153,183,30
2026-07-12T02:16:33,5yTDNd4gXE8JAVJrThjkh1XG7sfdq2YX93BLrJdTlRm4BpIFE_U5dQJQoWRyFhNMGfStBK41a9vCtQ,master,RANKED_SOLO_5x5,153,183,30
2026-07-12T02:16:33,YYtP_Z0ttyfxC_L9ya3HJxKpcqI6dVo9-IyhTZeISzmHxqhXulEg5RNYUnDBYo9LbQb1VwrNd_Hjig,master,RANKED_SOLO_5x5,204,173,-31
2026-07-12T02:16:33,w67yKyy-s5aiDx_djSnL8OGPp95LGvYChQKbE9mvdma_51XvORif4-g1R9ZsbVctKP1db_ak3p66hg,master,RANKED_SOLO_5x5,198,168,-30
2026-07-12T02:16:33,iOUk4apEnC2-yag1Msi24ityXYX4eZvBShxdJdRKRPZhcGbifzooFy_owZpCrl0DnGHKmjs-ZnGQag,master,RANKED_SOLO_5x5,194,164,-30
2026-07-12T02:16:33,fgQ8U9Te3mZ71_zTM5BOgiAkUWC-Gf9UBGmLcipzGqstDMA0282EF4jJBqG8dGX29QWezHiXTITz2g,master,RANKED_SOLO_5x5,194,163,-31
2026-07-12T02:16:33,dyF5uI3sMHwkc5N0VDwkQoGEv_OGiMsrJF7Z3UoBOO9r-HbThgKpRmLGlZCb7mzLpH-YlFjxOE7Rlg,master,RANKED_SOLO_5x5,190,159,-31
2026-07-12T02:16:33,svrAKT3hRPqe9Ilqnkx9QoHSlxdGzCUKSHeD74u8uh0MTSjzAIsCMhxubkQI3cRuYvfp3wLLOWid5w,master,RANKED_SOLO_5x5,185,156,-29
2026-07-12T02:16:33,1mqAiLvwPF87qX9wueUxHLptm1lyXfUfyBZ9P6gF8QAj0VocLJXSektaXcUNOlQXsAb8Hk9A7C-kjQ,master,RANKED_SOLO_5x5,178,149,-29
2026-07-12T02:16:33,vns_2W1xfATy7L70Ji9rl7jUsHmLNzQNyw5vJj888B9u6PbsfyGpJ3nhtlfSk4BVMkN0PTfA_S1K_A,master,RANKED_SOLO_5x5,175,146,-29
2026-07-12T02:16:33,k1Rwk6rxZuEywXYE7ZiWTiUkI4vlPnB-9YInx4fnPqfs166QpmATlQCN3d7IsRM-mytsDdscgt4STA,master,RANKED_SOLO_5x5,172,143,-29
2026-07-12T02:16:33,rKPxFNbwX98YjHqM7gIeBeVj9r-L5p8hTwHIx5uh6cuSqbECWGLdvPEZSbF0XAvpV6L0mKWgw9hNDQ,master,RANKED_SOLO_5x5,165,135,-30
2026-07-12T02:16:33,Tss53NJlwiGq_-PkQZY00iYPS7Xkt3R5ieVbiNmUCupT-z-42nI-Vmx2zNvtkb5QgGjIzphY1rpOIg,master,RANKED_SOLO_5x5,97,127,30
2026-07-12T02:16:33,sJGGJoCYWyMsJ6jlmqmTcOnDX_uSRmALJGlrNQmww763CW6Dp05qzbsk1NIRmrMxW0r4spuz24rHzw,master,RANKED_SOLO_5x5,51,115,64
2026-07-12T02:16:33,IGQy1H8rVcftkDiv8SmxHlZzBL2sR664rE3gm6b8QQMJ9u_F5XWGW2MZS3n_LOmy6UQy5CBoW0v0fQ,master,RANKED_SOLO_5x5,80,112,32
2026-07-12T02:16:33,nRYeyfncf380X_KjAD7QzMgbPlJp9JIrA0nSMnh6-Vl1Q0vgK_M25OGYDFGFqt1y0CIHxQwWDatgSQ,master,RANKED_SOLO_5x5,130,99,-31
2026-07-12T02:16:33,QinJISqT6h83wcr8Ul__dRIW2dx9cL3AuTS9M11IwzIt3CaBurjCw43f-gdforDCGn1SeSPHeJihlg,master,RANKED_SOLO_5x5,64,95,31
2026-07-12T02:16:33,NTsCa4zmE8J7MNLYGJ0lAoRHPU9MEJAz9zFPQvTax2MfVOm9q3cbyn-vpS2Lv-WtdlBjK4MaNEdUTQ,master,RANKED_SOLO_5x5,60,90,30
2026-07-12T02:16:33,GRqhic_ZIdkMVgAi00Flnkf93VgXPThVeuQvDOFtXdYHuWlDNh-9-vxnwvy5M2GCk-hPPFBpUU6oVw,master,RANKED_SOLO_5x5,60,90,30
2026-07-12T02:16:33,j8AhVTz-QTSWNrqRl_CaMbBCF-jRSOMBdl1Qr_JZFG-9h9KlFCVag6lFDh4czRR8doxD_91lPL-fmw,master,RANKED_SOLO_5x5,114,84,-30
2026-07-12T02:16:33,Jjqhp4rGMLpgpFaX4rk6P2Dc-Fm0uUD5ThFtfbaD_8OmO1N9oNvYgkJNvS_5DR3GKUzMsEkhvw1YbQ,master,RANKED_SOLO_5x5,108,76,-32
2026-07-12T02:16:33,IIQMZUJjse-vUS6Y_UkOB3qSjZPYqV6oqBoYwU6IWYT7FmvYCfBsrpW060-AHlksd6hecnikvBJocQ,master,RANKED_SOLO_5x5,101,71,-30
2026-07-12T02:16:33,x9N9BZtkXLIn1tOqepKbhzW71BVUQFI1rAL3F1ZLEfvdx7jmh2EcVGdorPEhEmd4SapmWA-iOf7BEA,master,RANKED_SOLO_5x5,33,64,31
2026-07-12T02:16:33,cA9qrw0byJR8aKL5xMEvbt0lLwTcW9yeof-AOhyr-EqCfU3KUcBCkqLDS-J0KUplCkDAyqVzxlV4Xg,master,RANKED_SOLO_5x5,32,62,30
2026-07-12T02:16:33,VujqxO_hqw3qJVjS8F035ZG_9X6EmME5_KOe09JnZIJfT-DIz1NvE6vshSO8N_QBujx4-4SZRYA57g,master,RANKED_SOLO_5x5,31,62,31
2026-07-12T02:16:33,V_T8flwBy4g5VFOFHNON8JbgK9IIwl4ueC2cxYhIK_JjdPybpzc4jA-aL6TdDDE2OvBQVcSZMes0dg,master,RANKED_SOLO_5x5,27,60,33
2026-07-12T02:16:33,dhJn7Gxe6W246fOZoNWLtBp-kMAigP-JWeOrhO7-I6QWBlg17a8YKB7u718cB7Pse383fTME5qHPHw,master,RANKED_SOLO_5x5,91,59,-32
2026-07-12T02:16:33,69aIWzfHxweuH7EnO-25WCerzydPoj7ILuxAaquNYtYAnEmUet6E2i17dMy0BFu5kOHDBQsQ1Dljdw,master,RANKED_SOLO_5x5,27,57,30
2026-07-12T02:16:33,xzwPU4JfgBCr52W_v9uQLsRmaoZf90sTd5VqJrTmE7nruTB4M8s_DfCpZ0lYjiXUuBISciKMjcEnzA,master,RANKED_SOLO_5x5,65,45,-20
2026-07-12T02:16:33,3QjdCf0GOTMRMhgBHjNxBYfa2XcgtdBk6aammCoBrayZKhtFWrqIGWxv1Ty3dXBiRoUlZRG_wIR53w,master,RANKED_SOLO_5x5,70,40,-30
2026-07-12T02:16:33,pA510j3UhNnBA4TB3zO9Dgub-LWC3fH3d5NlMILMR6u65MiOZjczzxKnf6LU2L_j_fa9SCTwSjqJEw,master,RANKED_SOLO_5x5,4,35,31
2026-07-12T02:16:33,hLg1YLIYBNp5X3aOVo2t8x5IDXHfNxOjpNOtL0z-natrHvvP_KSslCCqLDEcJazvizBiSqGsEaG-Ig,master,RANKED_SOLO_5x5,1,34,33
2026-07-12T02:16:33,lFECG6f83dhIFx2squwsV3XxW7w7mL4DXfhi-Vk0h23ykdA67CUyHBRbG5dvJIBF-rypYfH8R-0Gfg,master,RANKED_SOLO_5x5,0,31,31
2026-07-12T02:16:33,Qx3hALpUAcl3VYM4rP1FPk_HeToG6rjWotBWjJdlYcO_9sFCNcLFMNcssEEm8BwnszGww5fNwfjGpA,master,RANKED_SOLO_5x5,60,30,-30
2026-07-12T02:16:33,WsGx6miabPtAWNcRw-enJZrpvFzFQsmv8_Usx0ZOe7b6oiqCrQRD4UbGrxB9lHsGQTtXi74gHJYOrA,master,RANKED_SOLO_5x5,60,30,-30
2026-07-12T02:16:33,UbAUuf0ZhbNK-jwFh0HvQoJ9QICZNXqjFuXj_jv2eUArxQfhjYVz96w_UJb69Ahue_fIgHQVt3L_0Q,master,RANKED_SOLO_5x5,0,30,30
2026-07-12T02:16:33,YB5V-X6boAfY1RCLptLnhqE7uewUjMCglVO5fD6d3JVwhT8QgdKTNjLUKbcaWWerbjjE-B7lc1EPEg,master,RANKED_SOLO_5x5,53,22,-31
2026-07-12T02:16:33,G97XYJ4YqEeZhBFwHADgd_MBOY_IwYxBNedcwLon3WgHLXl8QsrG940GIkHkJGhyjbaOnsrNyjd4pQ,master,RANKED_SOLO_5x5,37,8,-29
2026-07-12T02:16:33,C5I1QFfxcT3jK0i6G3jicHi9L3CzYWy4tqWCyx80UGpturmrvSDg4odWzjv_m4HYSk1R-udGDVhZcg,master,RANKED_SOLO_5x5,1,0,-1
2026-07-12T02:16:33,oYTBu00qhARXKYr1rcjegxJ_IyoA2t2bFZECtqjjuGS6uNCPL9Dzpha1_TgEwfKM-e9ADon_xZItuw,master,RANKED_SOLO_5x5,21,0,-21
2026-07-12T02:16:33,GMAKW_sqB0CcBhjK1px2rPXlYv_l4zOkic3GAedLL3BIBKelbE3g5AtiWp6yaDC6scfd2ZDhw9Sm4g,master,RANKED_SOLO_5x5,3,0,-3
2026-07-12T02:16:33,SaOHaHSFWxrSIKkw7OxMONfG2siefPvJWZ91ET24AihrUL2RAZm9tEsyQWAJgLv1EEbIdI6z0Lp4wg,challenger,RANKED_FLEX_SR,2319,2284,-35
2026-07-12T02:16:33,L4pf1POlgeJKVhEOxM2AK0w5eEj5rxiCuVa4ldIj0t6TSfDTYOh3zm-Ewm5rfYKFCy9aLmIxQWZk_g,challenger,RANKED_FLEX_SR,2133,2098,-35
2026-07-12T02:16:33,P17ZIrHDQh4307mZ_kw0E4Odkh9m_hnzn8dHEqDnB9MQAjWmYqY0iQhimvwNE-2WQvCDBavw8Mz3ZA,challenger,RANKED_FLEX_SR,1992,1957,-35
2026-07-12T02:16:33,uJPBzVcjQP5v9O8OBixVkoUE1nw7KRT49k1ksXDzl6LxwoRIASqnlGSJGj8wSS6w2LlBjogqbuEB5Q,challenger,RANKED_FLEX_SR,1613,1583,-30
2026-07-12T02:16:33,5StPLULKB6WEDoXk93P0vWNBpH3-T5WPt3McMhZmo5vt5hXQgTAz65jIj_aWMUZ-bDUvkHHoHqk2vw,challenger,RANKED_FLEX_SR,1276,1246,-30
2026-07-12T02:16:33,5f6zDz94m2KXFl171t_NJSIIv6myuT_91vzV6eWATbrr6mGbESqSlI7wgjp-8vVn09lPdX4hoLf3yQ,challenger,RANKED_FLEX_SR,1176,1236,60
2026-07-12T02:16:33,XYixAKM7dYaj4WdlW7Pzj6C2oK3rwMgBOMRib08UXrEzcjzjgZ2sf6B5Z1xTR3bCIHkR-8c8eEvNKw,challenger,RANKED_FLEX_SR,1045,1075,30
2026-07-12T02:16:33,ObraeCBXkf-eWrD8uePlVVrAXg--p1ASJ_lbWpXMVlSpegT2jCO_b0OphstBFb_XduuFG8C2NeNhfA,challenger,RANKED_FLEX_SR,1072,1042,-30
2026-07-12T02:16:33,_a6YTaG2Bv86HQzkK8iaj11uUrrNEfWd3zW7_UHR_S5Yl86pNRXuiQi9gu8SDSTQJsbEpOtgR4vLWQ,challenger,RANKED_FLEX_SR,968,937,-31
2026-07-12T02:16:33,QqK-K_0-vbWraSKJdyU51p41G_cJEj3-cxyTL5KHg6ZdcywTkD4AENaoRfnCFVQeTXbzSQ9g5VkwbQ,gm,RANKED_FLEX_SR,928,960,32
2026-07-12T02:16:33,Ui8T4eWCCl4viuOY1fSb4ejmhLEIhR0PljB3LZMoXu65xOYiLPWo_Jj9BDjducRYcPW0EImVSO1Yqg,gm,RANKED_FLEX_SR,924,897,-27
2026-07-12T02:16:33,hdxl7mgGbsChYui9a0GAzMY1Q89GajrlgLBBm93eHYfj-3ABWFyFVrp4RbQp3eXAnXRLyFMY0bepLg,gm,RANKED_FLEX_SR,877,848,-29
2026-07-12T02:16:33,nWAazFGx-Ta5LvaY0e543jfmfRICKbYYEFAjOnWOoXwUdp5y2Z4pOIPVsw9Bh4Qr9_oCYCCaj7qecA,gm,RANKED_FLEX_SR,794,828,34
2026-07-12T02:16:33,vqP4TcECKCVUDhqj2uwUzFM4oLKuHcKOTil_3wLcq83ZLNI00TNdXZ1yvrSr9OjFOn9TrqcPqjnAHg,gm,RANKED_FLEX_SR,735,705,-30
2026-07-12T02:16:33,HEW9X8sPUkT2nuhexqT0F9J-HER-MDt4JMa0OkcfYtso37IY6xy4HySO9n2vyIcLvSFrItADiKvKZQ,gm,RANKED_FLEX_SR,730,700,-30
2026-07-12T02:16:33,I0lOuPNVA2J2zU38xSVK_QD9jkgt-dcAQPp5rEPCTi-Rszfwwfr8J6gMMaaqNXCD4m7dyHwALOIokA,gm,RANKED_FLEX_SR,664,694,30
2026-07-12T02:16:33,OtZnSsvsgtiST1Lcefif3OqWxoFU603Y_CP7PtW8nRLCXGr_qGiWKUYnSo7dcgtMLSwpc8vCK9Kh8A,gm,RANKED_FLEX_SR,700,671,-29
2026-07-12T02:16:33,2rP8sjlry3A7QxPiJIE4ZZhxQpmyXMaUC9LmbmY7Zdi9Fl4xHM5NRcggJ-whOxlyGiFeLWD5nFd3wA,gm,RANKED_FLEX_SR,600,634,34
2026-07-12T02:16:33,pRcB3ui89lB8EnsuTVW0u2sxewm5CrZtRABiLNgs5pgm55P20LPQrXZUisaH3mb8nz7a5oYWy4RAWw,gm,RANKED_FLEX_SR,506,538,32
2026-07-12T02:16:33,pQ7bH-3KoxRLIxgH4nuzL7rFvYSWayHnRt6oOhbP7dM__jH3udsGid4NWR6S9g7lCZzwT1hLq9gmkQ,gm,RANKED_FLEX_SR,493,524,31
2026-07-12T02:16:33,igSrrbz331yWX37nF3IoYi4gMalI9K1p2h6mz5__KE2T0l1sx8wtKth_riXoFwxMd1Q9K82cxXH05Q,gm,RANKED_FLEX_SR,553,523,-30
2026-07-12T02:16:33,hYEUzKVJ1TxaZ5TBwtPoL-Oen7sjzG_fIJgV5EJNRwpXXQWLX3IrXtfNSL35VR9OqzHT8cbDiFWCQg,gm,RANKED_FLEX_SR,422,453,31
2026-07-12T02:16:33,Mp7QUeXAxlouIvGlzqBobQTYd8-Y4NN67_kEoWoYTNBzETp5yye6W0TL3PQuJNQwf_MlkHmwl1wZng,gm,RANKED_FLEX_SR,453,424,-29
2026-07-12T02:16:33,A5L13AdQTkUh_DzQGJAB4-194rl3s-z-hFTx1LcJOx-4BebPC1f5V_92-ogxe438OSoElqMSpZ3x9A,gm,RANKED_FLEX_SR,378,410,32
2026-07-12T02:16:33,xoPHuf2486ySydP2X36o3wGLrohIeibFhlSHlTmNMj8xHfv9kY4qwb0dUbEunYsTho4KsOdWpEcDsg,gm,RANKED_FLEX_SR,370,405,35
2026-07-12T02:16:33,off94TPwm6zcdj5wE_ICc3U82uh3q5N91DKmc8WNtP5O_Vj7Z5K5kQYxrtFCUe0lNovfLylpek53zA,gm,RANKED_FLEX_SR,429,401,-28
2026-07-12T02:16:33,uUD3eGc_BscXriC4wMDo0cgaN3eec733qi1PJOlP3veMl9qgdnveA5k4sFH7yIIu_NeD0I3Toq5SRQ,gm,RANKED_FLEX_SR,365,396,31
2026-07-12T02:16:33,1HGlKaeFAXrloFgPu4Tr8-oM3U6PTL9-_GmRJeTbYgOIE7X9jB3aMGdWN4AOxuHVTqVN2CBjorm4PA,gm,RANKED_FLEX_SR,362,396,34
2026-07-12T02:16:33,F5sQTrkfq4msQQ93dv9RW0h6FM-lVy2AcsFSl_8JkOcs8ILv2R8quXY795V4cv1cgwP0CSCDEUK76w,gm,RANKED_FLEX_SR,335,369,34
2026-07-12T02:16:33,59-GXUDk4W38ImaPy7Piic1ujv95cAQtcMxV4eU4ZMtN5gYGOisYdRUj6mNgTt_MbEGYpuiwPCZadQ,gm,RANKED_FLEX_SR,339,312,-27
2026-07-12T02:16:33,i3K16GRZHc7V6N3yZjhau3reu99E1p-e_jIBAumvp_44MBXoR7C5IU5yrEJBRdx0OOyEAS54oJ0vJw,master,RANKED_FLEX_SR,363,393,30
2026-07-12T02:16:33,2W3vvFywejlLU0i6hdo0pU_sp9hUyDnklU6IaTVnFGyWKhvWL13MKDfIJWY63r6vEe7Gy1kRc6bZtQ,master,RANKED_FLEX_SR,350,385,35
2026-07-12T02:16:33,4axhoz9VKDItSxD3xuwpqnsYI3aUlajFe1fyMESc6y6xFhFiKiMLmprLjG2BbnJx_a7faCs9qUAi2Q,master,RANKED_FLEX_SR,322,297,-25
2026-07-12T02:16:33,Y_89slnu339HFnJhjQXWE2sSNupyq7MTpr3W7mCDdT3hUIenqOXLiN2QRhw_qy8KDmPTvpU72t1N-Q,master,RANKED_FLEX_SR,296,267,-29
2026-07-12T02:16:33,fmvt4n2GGqTR1W4eWONRnbCrURqa98wen1dstPfIeTt1omgRHJDbFpB-oo5rxSlAuGOBn0ECffwyVQ,master,RANKED_FLEX_SR,156,191,35
2026-07-12T02:16:33,HtsIInuHWF_ZXukW7PFeI6e_zE-nJoP0LO3bPDCPaId8oHCFvLIt964JgzUOuNjdS-pmJhjWP-ho6w,master,RANKED_FLEX_SR,131,159,28
2026-07-12T02:16:33,SXW7NnCD6IOeiZHyNY8RkBJ3JdAMzf67obtF_-R50wpDfHzjcgRuE5UcPMNv5VKmLanR982X37Mghw,master,RANKED_FLEX_SR,118,148,30
2026-07-12T02:16:33,XvbtD70mGXH_Xhy3gfV6XAZoTRhWoXnhgTggQfWvjlB6cbSIdB5R6Z354UttPt1fuegWikKgUXiFQQ,master,RANKED_FLEX_SR,112,142,30
2026-07-12T02:16:33,lfF0w1SEQWX8qpiOmFayL6XsyyfXfF4NP5y5MuffHFEpy0sPS2ca6QkWoOeU-0woCLAl31E96Z0ZxA,master,RANKED_FLEX_SR,168,137,-31
2026-07-12T02:16:33,_WWzrajzUtn_uURFnCLOHzGR9QUNox5tD2dfykXCaiWvLXxGqXZn883Ucb5OG6swftkjPjY-iuELwg,master,RANKED_FLEX_SR,164,134,-30
2026-07-12T02:16:33,UxZ3TpsB2L5ABr3Gaq_9jG0gR_s9RlWCCgBY-erFZHr3ihoQOiFPuvGugUK3xpCULsZ9zleO2pdHhg,master,RANKED_FLEX_SR,75,110,35
2026-07-12T02:16:33,tQY6M6UNqpRlmjIj_on7nT-EpYOCTEdyBStlfAbdhVaxyh6-IZdeuK5ZQgZSumnW7abn-3efcs_loA,master,RANKED_FLEX_SR,50,85,35
2026-07-12T02:16:33,B_ilmRfDbYe1e2KrTpLB2m3v_QBBpDtzK-z28vqdnk9jyYD0K4uAdp23ogjXMRMXW9Z3NVW7Q-ILtw,master,RANKED_FLEX_SR,45,80,35
2026-07-12T02:16:33,cGiMy6lkJMdBKQwz6CVCWCXI8Mxs_YjY8Z_t3JhJThmo1LHqVKBoOTU9W48-f1UPEDcM3BfB_Ci4Ng,master,RANKED_FLEX_SR,30,60,30
2026-07-12T02:16:33,V34ERFU3rQ1JMmP_IyUXZu3gXdietq3XGB2XqovBnw1bUFJKWuWzulCZUN_-QvO21Xjx6f5lnVPTcg,master,RANKED_FLEX_SR,87,58,-29
2026-07-12T02:16:33,ifDYIyD8hcM0zLUPuCso_OdLTFaHtxfpME1EtZiCINQyMhAIn4HsRyV6WCNwQhxrxaQbwPp-qRT5CA,master,RANKED_FLEX_SR,73,45,-28
2026-07-12T02:16:33,qZ3MQRQ8B4QQcS0SIcPqUVrpgSne2QevYgAPeiYZ9TNClrlGEiT_blrSnWwXZe_tZE55irV9eYiJBQ,master,RANKED_FLEX_SR,0,35,35
2026-07-12T02:16:33,2lG58s24VuydwWLFKITSfvo-21XKacjuE87344_f6gcX6W6ZCgSDoj2jfOL6RBDvtGvPmWOCVyo0Dg,master,RANKED_FLEX_SR,0,29,29
2026-07-12T02:16:33,OsHA5RcwlWcFJLVCMSkL76qRsr5we0b5DROweoSriCsGkM7igZBsT0X8F8D8t9YTDuaNurmAp8-bTQ,master,RANKED_FLEX_SR,0,28,28
2026-07-12T02:16:33,ZWUqbNNHYdBVH_eJ5eGDNlkvTxGPpDrswWInunYZaDjo9Upniudv5VDa72yNvFguPi0F7LXVFyoLBQ,master,RANKED_FLEX_SR,28,2,-26
2026-07-12T02:16:33,vDsLOwsAR1wo_P3lCDSJEQaim-FUUNha9CwjT0yA21ra18P3Ni4si4aS-JCTIRPt68VcA7mAOYAVdA,master,RANKED_FLEX_SR,2,0,-2
2026-07-12T02:19:56,BqAY7UpNjH_-MzsY70aoEmmgN0xZ0tfeU80nK4zkE062FqcUXgvmO8YW3gwRf52HzBuldciiRsO_Cg,gm,RANKED_SOLO_5x5,1638,1609,-29
2026-07-12T02:19:56,6HzQj_bmcWuTj5SebCznzdzzoXh-X9MBPHClMnb2-Eg-f4CvQCwRN2TT133mzzuKX3sfAMicHiEdyQ,gm,RANKED_SOLO_5x5,1571,1599,28
2026-07-12T02:19:56,74GAbpWMauhgIYqAIFX4Edhucky2tDCpFlTILsbp130li0jrc0yNwgLtuz8Zb2QhozI0ju-n_GcuGw,gm,RANKED_SOLO_5x5,1328,1356,28
2026-07-12T02:19:56,1QKkMN559GlZAKFa6QjACnsltT60P4pAbpfSnr-teV8KGddRCKoMpMXX8KPRNlrgl98G3LZJCR7PlA,gm,RANKED_SOLO_5x5,1313,1340,27
2026-07-12T02:19:56,BfZQZVan6SZ0wHfIs1fevJu2ZclSp25537NqAy7A54GYF6VPj6CU5jmrapWbZuOXDd4YQK_fuXpwRw,gm,RANKED_SOLO_5x5,1289,1320,31
2026-07-12T02:19:56,RmnH3qlto2tl6z3yahvYI74W3A4GCR5vjuQN5mvWWT4UF7CTePd4yjLfYlIQaflKD58jiDHznjQWXQ,gm,RANKED_SOLO_5x5,1238,1266,28
2026-07-12T02:19:56,jGdhZB-Up6rV7yF01eSPOXdWyTybMFvUAgbf148VX6VYHVQdcm0pnpHoJw0p-yBIg47RvVWzbksUuQ,gm,RANKED_SOLO_5x5,1158,1127,-31
2026-07-12T02:19:56,6N8oK1m2-Q5swLMXPTcmOcDmJSJ8FFJd3zwmxFOkIPWa7CwpuVClhLJnRzp4DlnN4bTPyYVEYJZNyA,master,RANKED_SOLO_5x5,302,270,-32
2026-07-12T02:19:56,a4gvyx63J5cFGJ_lrAHU6OFsTWN3mzyp1rNsQPfLRHwdhKRDzZn3T-4O9WTWdBZ_ZdoTKg16uJR6Ow,master,RANKED_SOLO_5x5,30,60,30
2026-07-12T02:19:56,bZE8T00CcT7brLwMJV4BfZnGBkiee-yX-4Nwjv1cI7yDY1H_34088jM-n_DhvG65KJGLvAAAVwsoWw,master,RANKED_SOLO_5x5,51,21,-30
2026-07-12T02:19:56,BHkClgntatv_F5tnJ_fFaedBVhEf9zUAIbbGm3bOwke5sMeomg8VNLpxiWmnUf119VJ9jU_5_U2YxA,challenger,RANKED_FLEX_SR,1474,1469,-5
2026-07-12T02:19:56,ASaxlRHTze0y6kHp92VSeIrXg7DDFRsnqc6XeA2uvtGZpxfzKBkXDFSvcDzrJNLvpvyYoUmhf9w9Ow,challenger,RANKED_FLEX_SR,1425,1454,29
2026-07-12T02:19:56,21Yr9WUJw-WKen1J_jZxXN5LICNEvkBsQELO93jL40j6Ede4T0wqtxLQYJe9B2q_Uz_2G08rxJiaZw,challenger,RANKED_FLEX_SR,971,943,-28
2026-07-12T02:19:56,EY5IR6KqZzoCZIaFsVqJrp8Q3hWvntidTTdBYFii_NWMwGsIQ6mxOhAiAupXb1tqkSmFbfZ32YZjDA,challenger,RANKED_FLEX_SR,963,934,-29
2026-07-12T02:19:56,pRcB3ui89lB8EnsuTVW0u2sxewm5CrZtRABiLNgs5pgm55P20LPQrXZUisaH3mb8nz7a5oYWy4RAWw,gm,RANKED_FLEX_SR,538,506,-32
2026-07-12T02:19:56,pQ7bH-3KoxRLIxgH4nuzL7rFvYSWayHnRt6oOhbP7dM__jH3udsGid4NWR6S9g7lCZzwT1hLq9gmkQ,gm,RANKED_FLEX_SR,524,493,-31
2026-07-12T02:19:56,A5L13AdQTkUh_DzQGJAB4-194rl3s-z-hFTx1LcJOx-4BebPC1f5V_92-ogxe438OSoElqMSpZ3x9A,gm,RANKED_FLEX_SR,410,378,-32
2026-07-12T02:19:56,59-GXUDk4W38ImaPy7Piic1ujv95cAQtcMxV4eU4ZMtN5gYGOisYdRUj6mNgTt_MbEGYpuiwPCZadQ,gm,RANKED_FLEX_SR,312,339,27
2026-07-12T02:19:56,F5sQTrkfq4msQQ93dv9RW0h6FM-lVy2AcsFSl_8JkOcs8ILv2R8quXY795V4cv1cgwP0CSCDEUK76w,gm,RANKED_FLEX_SR,369,335,-34
2026-07-12T02:22:42,BqAY7UpNjH_-MzsY70aoEmmgN0xZ0tfeU80nK4zkE062FqcUXgvmO8YW3gwRf52HzBuldciiRsO_Cg,gm,RANKED_SOLO_5x5,1609,1638,29
2026-07-12T02:22:42,6HzQj_bmcWuTj5SebCznzdzzoXh-X9MBPHClMnb2-Eg-f4CvQCwRN2TT133mzzuKX3sfAMicHiEdyQ,gm,RANKED_SOLO_5x5,1599,1571,-28
2026-07-12T02:22:42,74GAbpWMauhgIYqAIFX4Edhucky2tDCpFlTILsbp130li0jrc0yNwgLtuz8Zb2QhozI0ju-n_GcuGw,gm,RANKED_SOLO_5x5,1356,1328,-28
2026-07-12T02:22:42,1QKkMN559GlZAKFa6QjACnsltT60P4pAbpfSnr-teV8KGddRCKoMpMXX8KPRNlrgl98G3LZJCR7PlA,gm,RANKED_SOLO_5x5,1340,1313,-27
2026-07-12T02:22:42,BfZQZVan6SZ0wHfIs1fevJu2ZclSp25537NqAy7A54GYF6VPj6CU5jmrapWbZuOXDd4YQK_fuXpwRw,gm,RANKED_SOLO_5x5,1320,1289,-31
2026-07-12T02:22:42,RmnH3qlto2tl6z3yahvYI74W3A4GCR5vjuQN5mvWWT4UF7CTePd4yjLfYlIQaflKD58jiDHznjQWXQ,gm,RANKED_SOLO_5x5,1266,1238,-28
2026-07-12T02:22:42,jGdhZB-Up6rV7yF01eSPOXdWyTybMFvUAgbf148VX6VYHVQdcm0pnpHoJw0p-yBIg47RvVWzbksUuQ,gm,RANKED_SOLO_5x5,1127,1158,31
2026-07-12T02:22:42,6N8oK1m2-Q5swLMXPTcmOcDmJSJ8FFJd3zwmxFOkIPWa7CwpuVClhLJnRzp4DlnN4bTPyYVEYJZNyA,master,RANKED_SOLO_5x5,270,302,32
2026-07-12T02:22:42,bZE8T00CcT7brLwMJV4BfZnGBkiee-yX-4Nwjv1cI7yDY1H_34088jM-n_DhvG65KJGLvAAAVwsoWw,master,RANKED_SOLO_5x5,21,51,30
2026-07-12T02:22:42,a4gvyx63J5cFGJ_lrAHU6OFsTWN3mzyp1rNsQPfLRHwdhKRDzZn3T-4O9WTWdBZ_ZdoTKg16uJR6Ow,master,RANKED_SOLO_5x5,60,30,-30
2026-07-12T02:22:42,e4f3KI4VlPN2Bn_YpAejL5mD7Lhj-vV1gCYghebtG1-shS86S0Dtoe8bqWY5NS_DyLtKifYz1jnwfQ,gm,RANKED_FLEX_SR,652,625,-27
2026-07-12T02:22:42,fiAoVDFcW_xejO26U4LOIJCqv8CmCFA-nh975aC8b7G_DO1-8o3NjEmeLzIVT8-DRcTqluSdqpgf4w,gm,RANKED_FLEX_SR,589,620,31
2026-07-12T02:22:42,pRcB3ui89lB8EnsuTVW0u2sxewm5CrZtRABiLNgs5pgm55P20LPQrXZUisaH3mb8nz7a5oYWy4RAWw,gm,RANKED_FLEX_SR,506,538,32
2026-07-12T02:22:42,pQ7bH-3KoxRLIxgH4nuzL7rFvYSWayHnRt6oOhbP7dM__jH3udsGid4NWR6S9g7lCZzwT1hLq9gmkQ,gm,RANKED_FLEX_SR,493,524,31
2026-07-12T02:22:42,A5L13AdQTkUh_DzQGJAB4-194rl3s-z-hFTx1LcJOx-4BebPC1f5V_92-ogxe438OSoElqMSpZ3x9A,gm,RANKED_FLEX_SR,378,410,32
2026-07-12T02:22:42,9dxMJ1-F2gmYyZO-A14Kxku4Tocl8kYmnXYkBpvAc1QHRLazn0IAHtG5YvtRUIzg9q4htPOXtl-4xA,gm,RANKED_FLEX_SR,348,381,33
2026-07-12T02:22:42,F5sQTrkfq4msQQ93dv9RW0h6FM-lVy2AcsFSl_8JkOcs8ILv2R8quXY795V4cv1cgwP0CSCDEUK76w,gm,RANKED_FLEX_SR,335,369,34
2026-07-12T02:22:42,59-GXUDk4W38ImaPy7Piic1ujv95cAQtcMxV4eU4ZMtN5gYGOisYdRUj6mNgTt_MbEGYpuiwPCZadQ,gm,RANKED_FLEX_SR,339,312,-27
2026-07-12T02:22:42,Niod8V3Yi9-RkgWolyxrM-p6hP3zd63aZD5KORnAn0xcpm9rw13ZZpPUUJLHOAGTeN7MyXXszwcUEQ,gm,RANKED_FLEX_SR,263,234,-29
2026-07-12T02:22:42,Pd55fZlFCDDlx_01rrGniX-uSuORCz50gqpfaNUb-xOQwNXWWxF_8hTFsspUXAKfCW95UuA0BGFPyA,master,RANKED_FLEX_SR,244,216,-28
2026-07-12T02:22:42,JnNqdt8e7Fr2cAv8WW74tvOWGQXw1IpJKHviey5AJSeQG6MWLHZrGLewEwj9g-x48Xe77ibseDylaQ,master,RANKED_FLEX_SR,141,171,30
2026-07-12T02:22:42,NZ0GxySiw0DMhybhcudb_WA_omwyOqxjOexg_d8i6DrjvxDMu_fYr5hMXyG9JliZwsIVLJNn_nI0qA,master,RANKED_FLEX_SR,152,122,-30
2026-07-12T02:22:42,_lGSOwC2LE5_lb4pSM4JXhsFc-7MzPRdw0YcVXxiODzjUP7q7Vwf3_-52F-D1f2wZ8UCAXrNDrajVA,master,RANKED_FLEX_SR,61,121,60
2026-07-12T02:22:42,2bFOo2TjRo7gLAdf6yd6CPNlj-VhvwXm3lUd4MTNpdVEI5FdQN4DH4DcdZ2Tah75z5VLcW_K8wWkXA,master,RANKED_FLEX_SR,88,119,31
2026-07-12T02:22:42,6MhrnGTdVr0_AxVmifbzCCvIr7P5i48LhiHqNm_UfbfQNT3QHz4hWdhsAiVnkqfWMy54pNJhs5JEUw,master,RANKED_FLEX_SR,64,95,31
2026-07-12T02:22:42,XrV77isEINfCZeMmo9p-CxyKRSUmgcqO285Ez5g8WQuz8wEJm1H5HCnAVkjd5gizLVRN4OEhigsezQ,master,RANKED_FLEX_SR,45,79,34
2026-07-12T02:22:42,FALQfdlKb4XxABMFzN_IAoMArZxxBVEE6NVEBhuK6ITjAzQ8lk2qdZ1Bn-5ZBXONFFeNWeOayNI3MA,master,RANKED_FLEX_SR,41,11,-30
2026-07-12T02:22:42,YwSCQHDWGSURgNjPE6G0odepoDN00fcYlzdWeuC4543LPFWD87gkX5s-WUVoguXvwQc2BkoYslbdtg,master,RANKED_FLEX_SR,2,0,-2
2026-07-12T02:22:42,4AJWlkDqqwMeLL01-ExfTzeRGxZrA2myFhW0buYWu9WCQabmFno0R91tkHoSN01CRSP-xwmSd1eZdw,master,RANKED_FLEX_SR,6,0,-6
